País,Dpto.,Multiregión o nacional,Provincia,Distrito,Localidad,Otros lugares involucrados,Denominación del caso,Empresa involucrada,Tipo,Actividad,Estado,Fases (casos activos),Momento del diálogo,Mecanismo del diálogo,Participación de la DP en el espacio de diálogo,Al menos tuvieron un hecho de violencia,Diálogo después de hecho de violencia (crisis),Presencia de la Defensoria del Pueblo,Principal competencias por nivel de gobierno
Perú,Apurímac,,Aymaraes,Tapairihua,C.C. Tapayrihua / C.C. Tiaparo,,Tapayrihua y Aymaraes - Southern,Southern Perú Copper Corporation, Sucursal del Perú,Socioambiental,Minería,Activo,Desescalamiento,,,,Sí,,Colaboración, observación activa y supervisión,Gobierno nacional
Perú,Apurímac,,Cotabambas,Challhuahuacho,C.C. Carmen Alto,,CC Carmen Alto - Minera Las Bambas,Minera Las Bambas S.A.,Socioambiental,Minería,Activo,Diálogo,En progreso,Mesa de diálogo: negociación mediada o asistida,Intermediador,Sí,Sí,Colaboración, observación activa y supervisión,Gobierno nacional
Perú,Apurímac,,Cotabambas,Challhuahuacho,C.C. Chila,,CC Chila - Las Bambas,Minera Las Bambas S.A.,Socioambiental,Minería,Activo,Diálogo,En progreso,Mesa de diálogo: negociación mediada o asistida,Colaborador,No,,Colaboración, observación activa y supervisión,Gobierno nacional
Perú,Apurímac,,Cotabambas,Challhuahuacho,C.C. Chuicuni,,CC Chuicuni - Las Bambas,Minera Las Bambas S.A.,Socioambiental,Minería,Activo,Diálogo,En progreso,Mesa de diálogo: negociación mediada o asistida,Colaborador,No,,Colaboración, observación activa y supervisión,Gobierno nacional
Perú,Apurímac,,Cotabambas,Coyllurqui,C.C. Huancuire (Sector Chalcobamba),,CC Huancuire - Minera Las Bambas,Minera Las Bambas S.A.,Socioambiental,Minería,Activo,Diálogo,En progreso,Mesa de diálogo: negociación mediada o asistida,Colaborador,Sí,No,Colaboración, observación activa y supervisión,Gobierno nacional
Perú,Apurímac,,Cotabambas,Mara,,,Mara - corredor minero,Minera Las Bambas S.A.,Socioambiental,Minería,Activo,Diálogo,En progreso,Mesa de diálogo: negociación directa,Colaborador,Sí,,Colaboración, observación activa y supervisión,Gobierno nacional
Perú,Apurímac,,Cotabambas,Challhuahuacho,C.C. Fuerabamba (Nueva Fuerabamba),Región Cusco, provincia de Chumbivilcas, distrito de Colquemarca,CC Fuerabamba - Minera Las Bambas,Minera Las Bambas S.A.,Socioambiental,Minería,Activo,Diálogo,En progreso,Mesa de diálogo: negociación mediada o asistida,Mediador / Facilitador,Sí,Sí,Colaboración, observación activa y supervisión,Gobierno nacional
Perú,Apurímac,,Cotabambas,,,,Cotabambas - Minera Las Bambas (Antes Xstrata),Minera Las Bambas S.A.,Socioambiental,Minería,Activo,Diálogo,En progreso,Mesa de diálogo: negociación mediada o asistida,,Sí,Sí,Colaboración, observación activa y supervisión,Gobierno nacional
Perú,Apurímac,,Cotabambas,Tambobamba,C.C. Pumamarca / C.C. Asacasi,,Pumamarca - Asacasi,,Comunal,,Activo,Desescalamiento,,,,Sí,Sí,Colaboración, observación activa y supervisión,Gobierno regional
Perú,Apurímac,,Abancay,Abancay,,,Hospital Guillermo Días - Abancay,,Asuntos de gobierno nacional,,Activo,Fase temprana,,,,No,,Solo monitoreo,Gobierno nacional
Perú,Arequipa,,Islay,Cocachacra,,Región Arequipa, provincia de Islay, distrito de Deán Valdivia y Punta de Bombón,Tía María - Islay,Southern Perú Copper Corporation, Sucursal del Perú,Socioambiental,Minería,Activo,Fase temprana,,,,Sí,No,Colaboración, observación activa y supervisión,Gobierno nacional
Perú,Arequipa,,Caravelí,Cahuacho,C.P. Nauquipa,,Rechazo a mineria ilegal en anexo Nauquipa – Cahuacho ,NEMERLIN,Asuntos de gobierno regional,,Activo,Escalamiento,,,,Sí,,Colaboración, observación activa y supervisión,Gobierno nacional
Perú,Arequipa,,Caravelí,Atico,,,Mineros informales / empresa Intigol Mining Atico, Intigol Mining Atico
,Asuntos de gobierno nacional,Minería,Activo,Escalamiento,,,,Sí,,Colaboración, observación activa y supervisión,Gobierno nacional
Perú,Cusco,,Chumbivilcas,Velille,,,Velille - Las Bambas,Minera Las Bambas S.A.,Socioambiental,Minería,Activo,Diálogo,En progreso,Mesa de diálogo: negociación mediada o asistida,Colaborador,Sí,,Colaboración, observación activa y supervisión,Gobierno nacional
Perú,Cusco,,La Convención,Megantoni,C.N. Camaná,,CN Camaná - TGP,Transportadora de Gas del Perú S.A.,Socioambiental,Hidrocarburos,Activo,Diálogo,En progreso,Mesa de diálogo: negociación mediada o asistida,,No,No,Solo monitoreo,Gobierno nacional
Perú,Cusco,,Chumbivilcas,Colquemarca,C.C. Cruz Pampa / C.C. Cancahuani / C.C. Lacca-Lacca, Yanque, Parcobamba / C.C. Huininquiri / C.C. Ahuichanta / C.C. Huisuray / C.C. Idiopa Ñaupa Hapo Urinsaya / C.C. Tincurca Laccaya / C.C.Tuntuma / C.C. Ccollana / C.C. Huaylla Huaylla / C.C. Huascabamba / C.C. Sayhua / C.C. Capacmarca / C.C. Tahuay,Región Cusco, provincia de Chumbivilcas, distritos de Chamaca, Capacmarca, Chamaca, Livitaca y Velille,14 CC.CC. Chumbivilcas - Minera Las Bambas,Minera Las Bambas S.A.,Socioambiental,Minería,Activo,Diálogo,En progreso,Mesa de diálogo: negociación mediada o asistida,,Sí,Sí,Solo monitoreo,Gobierno nacional
Perú,Cusco,,Espinar,Pallpata,C.C. Huacroyuta Marquiri / C.C. Huarcapata / C.C. Chorrillo / C.C. Antacama / C.C. Pallpata / C.C. Canlletera / C.C. Cruz Pampa / C.C. Pirhuayani / C.C. Mamanocca / C.C. Jaruma Alccasana,Región Cusco, provincia de Espinar, distritos de Alto Pichigua, Pichigua, Condoroma y Ocoruro,10 CC Pallpata - Antapaccay,Compañía Minera Antapaccay S.A.,Socioambiental,Minería,Activo,Diálogo,Suspendido,Reuniones preparatorias para el diálogo,Colaborador,Sí,No,Colaboración, observación activa y supervisión,Gobierno nacional
Perú,Cusco,,Espinar,Espinar,C.C. Huano Huano / C.C. Cala Cala  / C.C. Huisa / C.C. Paco Pata / C.C. Tintaya Marquiri / C.C. Alto Huancané / C.C. Huancané Bajo / C.C. Alto Huarca / C.C. Huarca / C.C. Anta Ccollana / C.C. Huisa Ccollana  / C.C. Huini Coroccohuayco , ,13 CC Espinar - Antapaccay,Compañía Minera Antapaccay S.A.,Socioambiental,Minería,Activo,Diálogo,En progreso,Reuniones preparatorias para el diálogo,,Sí,Sí,Solo monitoreo,Gobierno nacional
Perú,Cusco,,Chumbivilcas,,,,Chumbivilcas - Minera Las Bambas (II),Minera Las Bambas S.A.,Socioambiental,Minería,Activo,Diálogo,En progreso,Mesa de diálogo: negociación mediada o asistida,Colaborador,Sí,,Colaboración, observación activa y supervisión,Gobierno nacional
Perú,Cusco,,Espinar,,C.C. Suero y Cama / C.C. Tintaya Marquiri,,Espinar - Antapaccay (ex Glencore Xstrata),Compañía Minera Antapaccay S.A.,Socioambiental,Minería,Activo,Diálogo,En progreso,Mesa de diálogo: negociación mediada o asistida,Colaborador,Sí,Sí,Colaboración, observación activa y supervisión,Gobierno nacional
Perú,Cusco,,Urubamba,Machupicchu,,,Empresa Consettur,,Otros asuntos,,Activo,Desescalamiento,,,,No,,Solo monitoreo,Poder judicial
Perú,Cusco,,Quispicanchi,Cusipata,C.C. Chillihuani,Región Cusco, provincia de Canchis, distrito de Pitumarca,Vinicunca – Montaña de siete colores,,Comunal,,Activo,Escalamiento,,,,Sí,No,Mediaciones / Facilitaciones,Gobierno nacional
Perú,Cusco,,Calca,Pisac,C.C. Viacha / C.C. Ccoya Ccoscco,Región de Cusco, provincia de Calca, distrito de Coya,CC Viacha - CC Coya Qosqo,,Comunal,,Activo,Desescalamiento,,,,Sí,No,Solo monitoreo,Gobierno regional
Perú,Cusco,,La Convención,Santa Ana,,,Cafetaleros FENCAAP - Agricultura,,Asuntos de gobierno regional,,Activo,Escalamiento,,,,No,No,Mediaciones / Facilitaciones,Gobierno regional
Perú,Cusco,,Cusco,Santiago,,,Campo Ferial de Huancaro,,Asuntos de gobierno regional,,Activo,Diálogo,Inicio,Mesa de diálogo: negociación directa,Colaborador,Sí,Sí,Solo monitoreo,Gobierno regional
Perú,Cusco,,Urubamba,Chinchero,,,Aeropuerto Chinchero,Aeroportuaria Kuntur Wasi S.A.,Asuntos de gobierno nacional,,Activo,Diálogo,Inicio,Mesa de diálogo: negociación mediada o asistida,Colaborador,No,,Colaboración, observación activa y supervisión,Gobierno nacional
Perú,Cusco,,Urubamba,Machupicchu,,,Tarifas trenes en Machupicchu,,Asuntos de gobierno nacional,,Activo,Diálogo,Inicio,Mesa de diálogo: negociación mediada o asistida,Colaborador,Sí,No,Colaboración, observación activa y supervisión,Gobierno nacional
Perú,Cusco,,La Convención,,,,Cultivadores de hoja de coca,Empresa Nacional de la Coca S.A.,Asuntos de gobierno nacional,,Activo,Desescalamiento,,,,No,No,Solo monitoreo,Gobierno nacional
Perú,Moquegua,,Mariscal Nieto,,,,Mariscal Nieto - Huatipuka,Tower and Tower S.A.,Socioambiental,Residuos y saneamiento,Activo,Escalamiento,,,,No,,Colaboración, observación activa y supervisión,Gobierno nacional
Perú,Moquegua,,General Sánchez Cerro,Ichuña,C.C. Centro Ichuña / C.C. Yunga,Región Moquegua, provincia de General Sánchez Cerro, distrito de Yunga,Comunidades de Ichuña y Yunga - Cia Minera Buenaventura,Compañía de Minas Buenaventura S.A.A. ,Socioambiental,Minería,Activo,Diálogo,En progreso,Mesa de diálogo: negociación mediada o asistida,Colaborador,Sí,Sí,Colaboración, observación activa y supervisión,Gobierno nacional
Perú,Moquegua,,Mariscal Nieto,Torata,C.C. Tumilaca / C.C. Pocata / C.C. Coscore / C.C. Tala,,CC Tumilaca - Southern Perú Copper Corporation,Southern Perú Copper Corporation, Sucursal del Perú,Socioambiental,Minería,Activo,Diálogo,En progreso,Mesa de diálogo: negociación mediada o asistida,Colaborador,Sí,No,Colaboración, observación activa y supervisión,Gobierno nacional
Perú,Moquegua,,Mariscal Nieto,Torata,,,Tumilaca - Anglo American Quellaveco,Anglo American Quellaveco S.A.,Socioambiental,Minería,Activo,Diálogo,En progreso,Mesa de diálogo: negociación mediada o asistida,Colaborador,Sí,No,Colaboración, observación activa y supervisión,Gobierno nacional
Perú,Moquegua,,General Sánchez Cerro,Chojata,,,Contaminación del río Coralaque,Minera Aruntani S.A.C.,Socioambiental,Minería,Activo,Diálogo,En progreso,Mesa de diálogo: negociación mediada o asistida,Colaborador,No,,Colaboración, observación activa y supervisión,Gobierno nacional
Perú,Moquegua,,Ilo,,,,Ilo - Petroperú,Petróleos del Perú - Petroperú S.A.,Socioambiental,Hidrocarburos,Activo,Diálogo,En progreso,Mesa de diálogo: negociación directa,Colaborador,No,,Colaboración, observación activa y supervisión,Gobierno nacional
Perú,La Libertad,Multirregión,,,,Regiones La Lbertad, Lima, Ica y Apurímac,Minería informal ley de formalización,,Asuntos de gobierno nacional,,Activo,Escalamiento,,,,Sí,No,Solo monitoreo,Gobierno nacional
Perú,Lima Metropolitana,Nacional,,,,,Huelga nacional de docentes universitarios,,Laboral,,Latente,,,,,No,,Solo monitoreo,Gobierno nacional
Perú,Apurímac,,Andahuaylas,Andahuaylas,,,I.E. Juan Espinoza Medrano – UGEL Andahuaylas,,Otros asuntos,,Latente,,,,,Sí,Sí,Colaboración, observación activa y supervisión,Gobierno local
Perú,Apurímac,,Andahuaylas,José María Arguedas,C.C. Cceuñahuran / C.C. Huancabamba - Checche - Huarac - Copata,Región Apurímac, provincia de Andahuaylas, distrito de Andahuaylas,Huancabamba - Cceuñahuran,,Comunal,,Latente,,,,,Sí,No,Colaboración, observación activa y supervisión,Gobierno regional
Perú,Apurímac,,Antabamba,Huaquirca,C.C. Huaquirca / C.C. Sabaino / C.C. Virundo,Región Apurímac, provincia de Grau, distrito de Sabaino
Región Apurímac, provincia de Atabamba, distrito de Virundo,Comunidades de Huaquirca, Sabaino y Virundo,,Comunal,,Latente,,,,,Sí,Sí,Colaboración, observación activa y supervisión,Gobierno regional
Perú,Apurímac,,Cotabambas,Tambobamba,C.C. Chaccaro / C.C. Occaccahua,,Chaccaro - Occaccahua,,Comunal,,Latente,,,,,Sí,Sí,Colaboración, observación activa y supervisión,Gobierno regional
Perú,Arequipa,,Castilla,,,,Respaldo a Majes - Siguas II,,Asuntos de gobierno nacional,,Latente,,,,,Sí,Sí,Solo Monitoreo,Gobierno nacional
Perú,Cusco,,Espinar,Coporaque,,,Comunidades Coporaque - Las Bambas,Minera Las Bambas S.A.,Socioambiental,Minería,Latente,,,,,Sí,Sí,Solo monitoreo,Gobierno nacional
Perú,Cusco,,Cusco,Santiago,C.C. Jaquira,,Botadero Haquira (II),,Socioambiental,Residuos y saneamiento,Latente,,,,,Sí,Sí,Colaboración, observación activa y supervisión,Gobierno local
Perú,Moquegua,,Mariscal Nieto,Torata,,Región Moquegua, provincia de Ilo,Torata - SPCC,Southern Perú Copper Corporation, Sucursal del Perú,Socioambiental,Minería,Latente,,,,,Sí,,Colaboración, observación activa y supervisión,Gobierno nacional
Perú,Apurímac,Multirregión,Aymaraes,Cotaruse,C.C. Totora Pisquicocha / C.C. Hurayhuma,Región Ayacucho, provincia de Parinacochas, distrito de Cora Cora,Totora Pisquicocha - Hurayhuma,,Comunal,,Retirado,,,,,No,,Solo monitoreo,Gobierno regional
Perú,Lima Metropolitana,Nacional,,,,,Crisis política - Diciembre 2022,,Asuntos de gobierno nacional,,Latente,,,,,Sí,No,Colaboración, observación activa y supervisión,Poder legislativo
Perú,La Libertad,,Santiago de Chuco,Quiruvilca,,Región La Libertad, provincias de Otuzco, Virú, Gran Chimu y Trujillo,Rondas Campesinas de La Libertad - Río Moche y Carboneras,Compañía Minera Quiruvilca S.A.,Socioambiental,Minería,Activo,Diálogo,En progreso,Mesa de diálogo: negociación mediada o asistida,Colaborador,Sí,Sí,Colaboración, observación activa y supervisión,Gobierno nacional
Perú,La Libertad,,Pataz,Pataz,,,Pataz - Minería Ilegal,Compañía Minera Poderosa S.A.A,Asuntos de gobierno nacional,Minería,Activo,Diálogo,En progreso,Mesa de diálogo: negociación mediada o asistida,Colaborador,No,No,Colaboración, observación activa y supervisión,Gobierno nacional
Perú,Lambayeque,,Chiclayo,Chongoyape,A.C.P. Chaparrí,,Chaparrí,,Comunal,,Activo,Desescalamiento,,,,No,,Colaboración, observación activa y supervisión,Gobierno local
Perú,Piura,,Piura,Tambo Grande,C.C Apóstol Juan Bautista de Locuto / Tambogrande y 8 anexos (Locuto, El Papayo, la Greda Nueva, El Carmen, Angostura, Ocoto Alto, La Greda Antigua y San Martín de Angostura),,Tambogrande - Proyecto El Algarrobo,Compañía de Minas Buenaventura S.A.A.,Socioambiental,Minería,Activo,Fase temprana,,,,No,,Solo monitoreo,Gobierno nacional
Perú,Piura,,Piura,La Brea,,,La Brea Negritos - Pasivos hidrocarburos,,Socioambiental,Hidrocarburos,Activo,Diálogo,En progreso,Mesa de diálogo: negociación mediada o asistida,Colaborador,No,,Colaboración, observación activa y supervisión,Gobierno nacional
Perú,Piura,,Paita,,,,La Tortuga - Olympic,Olympic Perú Inc.,Socioambiental,Hidrocarburos,Activo,Diálogo,En progreso,Mesa de diálogo: negociación mediada o asistida,Colaborador,Sí,Sí,Colaboración, observación activa y supervisión,Gobierno regional
Perú,Piura,,Huancabamba,El Carmen de la Frontera,C.C. Segunda de Cajas / C.C. Yanta,,Río Blanco (ex Majaz),Río Blanco Copper S.A.,Socioambiental,Minería,Activo,Fase temprana,,,,Sí,,Colaboración, observación activa y supervisión,Gobierno nacional
Perú,Piura,,Sechura,Sechura,C.C. San Martín de Sechura,,Comunidad San Martín de Sechura,,Comunal,,Activo,Diálogo,En progreso,Mesa de diálogo: negociación directa,Colaborador,Sí,No,Colaboración, observación activa y supervisión,Gobierno regional
Perú,Piura,,Ayabaca,Ayabaca,,,Organizaciones sociales de Ayabaca,,Asuntos de gobierno regional,,Activo,Diálogo,En progreso,Mesa de diálogo: negociación directa,Colaborador,Sí,Sí,Colaboración, observación activa y supervisión,Gobierno regional
Perú,Piura,,Piura,Las Lomas ,,,Las Lomas,,Asuntos de gobierno regional,,Activo,Desescalamiento,,,,Sí,Sí,Colaboración, observación activa y supervisión,Gobierno regional
Perú,Piura,,Piura,Cura Mori,,,Damnificados Cura Mori,,Asuntos de gobierno regional,,Activo,Diálogo,En progreso,Mesa de diálogo: negociación mediada o asistida,Colaborador,Sí,Sí,Colaboración, observación activa y supervisión,Gobierno regional
Perú,Piura,,Piura,Veintiseis de Octubre ,,,Veintiséis de octubre - oposición a Ordenanza,,Asuntos de gobierno local,,Activo,Diálogo,En progreso,Mesa de diálogo: negociación directa,,No,,Solo monitoreo,Gobierno local
Perú,TUMBES,,Tumbes,Tumbes,,,Contaminación del río Tumbes por relaves mineros,,Socioambiental,Minería,Activo,Diálogo,En progreso,Mesa de diálogo: negociación mediada o asistida,Intermediador,No,No,Mediaciones / Facilitaciones,Gobierno nacional
Perú,Tumbes,,Tumbes,San Jacinto,C.P. Higuerón / C.P. Rica Playa / C.P. La Capitana / C.P. Tablazo de Rica Playa,,San Jacinto - Presa Laminadora de Higuerón,,Socioambiental,Otros,Activo,Diálogo,Suspendido,Mesa de diálogo: negociación directa,Colaborador,No,,Colaboración, observación activa y supervisión,Gobierno nacional
Perú,TUMBES,,Tumbes,Tumbes,,,Hospital Regional II-2 JAMO - Destitución Director,,Asuntos de gobierno regional,,Activo,Diálogo,En progreso,Mesa de diálogo: negociación directa,Colaborador,No,No,Solo monitoreo,Gobierno regional
Perú,La Libertad,,Pataz,,C.C. Los Andes / C.P. Los Alisos / C.P. Pueblo Nuevo,,Ronda Los Alisos - Compañía Minera La Poderosa,Compañía Minera Poderosa S.A.,Socioambiental,Minería,Latente,,,,,Sí,No,Solo monitoreo,Gobierno nacional
Perú,Lambayeque,,Chiclayo,Tumán,,,Tumán,Empresa Agroindustrial Tumán S.A.A,Laboral,,Latente,,,,,Sí,Sí,Colaboración, observación activa y supervisión,Poder judicial
Perú,Lambayeque,,Chiclayo,José Leonardo Ortiz,,,Mercado Modelo de Chiclayo,,Asuntos de gobierno local,,Latente,,,,,No,,Mediaciones / Facilitaciones,Gobierno local
Perú,Piura,,Huancabamba,Sondorillo,,,Sondorillo - Gore Piura,,Asuntos de gobierno regional,,Latente,,,,,Sí,No,Colaboración, observación activa y supervisión,Gobierno regional
Perú,Piura,,Morropón,Chulucanas,,,Junta de Usuarios del Sector Hidráulico del Valle Alto Piura,,Asuntos de gobierno regional,,Latente,,,,,Sí,Sí,Colaboración, observación activa y supervisión,Gobierno regional
Perú,Piura,,Piura,Piura ,,,Mercado Modelo de Piura,,Asuntos de gobierno local,,Latente,,,,,Sí,,Colaboración, observación activa y supervisión,Gobierno local
Perú,Áncash,,Huari,Huachis,,Distrito San Pedro de Chana,CC Santa Cruz de Pichiu - Antamina,,Socioambiental,Minería,Activo,Diálogo,Inicio,Mesa de diálogo: negociación directa,,Sí,No,Solo monitoreo,Gobierno nacional
Perú,Áncash,,Huarmey,,,,Huarmey - contaminación metales pesados,,Socioambiental,Minería,Activo,Diálogo,En progreso,Mesa de diálogo: negociación mediada o asistida,Colaborador,No,,Colaboración, observación activa y supervisión,Gobierno regional
Perú,Áncash,,Santa,,,,Contaminación ríos La Plata y Tablachaca,,Socioambiental,Minería,Activo,Fase temprana,,,,No,,Colaboración, observación activa y supervisión,Gobierno regional
Perú,Áncash,,Bolognesi,Aquia,C.C. Aquia,,Comunidad de Aquia - Antamina,Compañía Minera Antamina S.A.,Socioambiental,Minería,Activo,Diálogo,Suspendido,Mesa de diálogo: negociación mediada o asistida,Colaborador,Sí,Sí,Colaboración, observación activa y supervisión,Gobierno nacional
Perú,Áncash,,Huaraz,Jangas,C.P. Atupa / C.P. Antahurán,,Atupa y Antahurán - Barrick,MInera Barrick Misquichilca S.A.,Socioambiental,Minería,Activo,Desescalamiento,,,,Sí,Sí,Colaboración, observación activa y supervisión,Gobierno nacional
Perú,Áncash,,Huaylas,Caraz,C.C. Cruz de Mayo,,Laguna Parón - Duke Energy,Orazul Energy Perú S.A.,Socioambiental,Energía,Activo,Diálogo,En progreso,Mesa de diálogo: negociación mediada o asistida,Colaborador,Sí,No,Colaboración, observación activa y supervisión,Gobierno nacional
Perú,Áncash,,Santa,Chimbote,,,Sindicato de Trabajadores de SIDERPERÚ,SIDERPERÚ,Laboral,,Activo,Fase temprana,,,,No,No,Solo monitoreo,Gobierno nacional
Perú,Áncash,,Carhuaz,Marcará,C.C. Ecash,Región Áncash, provincia de Yungay, distritos de Cascapara y Supluy
Región Áncash, provincia de Carhuaz, distritos de Carhuaz, Marcará, Anta y Ataquero,Conflicto comunal Ecash - Huacrán,,Comunal,,Activo,Desescalamiento,,,,Sí,,Intervención humanitaria / Acciones legales,Poder judicial
Perú,Áncash,,Santa,Nuevo Chimbote,,,Hospital especializado de Nuevo Chimbote,INT HEALT,Asuntos de gobierno nacional,,Activo,Fase temprana,,,,No,No,Solo monitoreo,Gobierno nacional
Perú,Áncash,,Santa,Chimbote,Valle Santa Lacramarca,,Agricultores Valle Santa Lacramarca - MTC,,Asuntos de gobierno nacional,,Activo,Diálogo,En progreso,Mesa de diálogo: negociación mediada o asistida,Colaborador,No,,Colaboración, observación activa y supervisión,Gobierno nacional
Perú,Áncash,,Casma,,,,Casma-Hidrandina,Hidrandina S.A.,Asuntos de gobierno nacional,,Activo,Diálogo,En progreso,Mesa de diálogo: negociación mediada o asistida,Colaborador,No,No,Colaboración, observación activa y supervisión,Gobierno nacional
Perú,Áncash,,Santa,Nuevo Chimbote,,,Mercado Lomas del Sur,,Asuntos de gobierno local,,Activo,Fase temprana,,,,No,,Colaboración, observación activa y supervisión,Gobierno local
Perú,Áncash,,El Santa,Nuevo Chimbote,,,Mercado la Perlita,,Asuntos de gobierno local,,Activo,Fase temprana,,,,No,,Colaboración, observación activa y supervisión,Gobierno local
Perú,Cajamarca,,Cajamarca,Chetilla,C.P. Chetilla,Región Cajamarca, provincia de Cajamarca, distrito de Chetilla,Chetilla - Colpayoc,Colpayoc S.A.C.,Socioambiental,Minería,Activo,Escalamiento,,,,No,No,Solo monitoreo,Gobierno nacional
Perú,Cajamarca,,Cajamarca,Los Baños del Inca,C.P. Otuzco / C.P. Huacataz,,Tres Tingos – Quinua Totora - Minera Yanacocha,Minera Yanacocha S.A.,Socioambiental,Minería,Latente,Diálogo,Suspendido,Mesa de diálogo: negociación directa,,Sí,Sí,Solo monitoreo,Gobierno nacional
Perú,Cajamarca,,Hualgayoc,,,,Hualgayoc - Pasivos ambientales,,Socioambiental,Minería,Activo,Desescalamiento,,,,No,,Colaboración, observación activa y supervisión,Gobierno nacional
Perú,Cajamarca,,Cutervo,Santo Domingo de la Capilla,,,Cutervo - MTC,,Asuntos de gobierno nacional,,Activo,Diálogo,Inicio,Mesa de diálogo: negociación mediada o asistida,Mediador / Facilitador,Sí,No,Colaboración, observación activa y supervisión,Gobierno nacional
Perú,Áncash,,Santa,Cáceres del Perú,C.P. Huarupampa,,Huarupampa - Consorcio Minero Conexas,Consorcio Minero y Operaciones Conexas S.A.C.,Socioambiental,Minería,Latente,,,,,Sí,,Colaboración, observación activa y supervisión,Gobierno regional
Perú,Áncash,,Recuay,Recuay,C.C. Catac / C.P. Carhuayoc,Región Áncash, provincia de Huari, distrito de San Marcos,AMUCEPS - Antamina,Compañía Minera Antamina S.A.,Socioambiental,Minería,Latente,,,,,Sí,Sí,Solo Monitoreo,Gobierno nacional
Perú,Áncash,,Santa,Chimbote,,,Comerciantes del Mercado Progreso,,Asuntos de gobierno local,,Latente,,,,,Sí,Sí,Colaboración, observación activa y supervisión,Gobierno local
Perú,Cajamarca,,Jaén,Jaén,,,Universidad Nacional de Jaén – Comisión organizadora,,Otros asuntos,,Latente,,,,,Sí,Sí,Mediaciones / Facilitaciones,Org. Const. Autónomo
Perú,Cajamarca,,San Ignacio,Huarango,C.N. Supayaku,,Supayaku - Municipalidad Distrital de Huarango,,Asuntos de gobierno local,,Latente,,,,,Sí,Sí,Mediaciones / Facilitaciones,Gobierno local
Perú,Amazonas,,Condorcanqui,Río Santiago,,,Wampis - Minería ilegal,,Socioambiental,Minería,Activo,Escalamiento,,,,Sí,No,Solo monitoreo,Gobierno regional
Perú,Amazonas,,Condorcanqui,El Cenepa,,,Cenepa - Minería informal e ilegal (antes Afrodita),Compañía Minera Afrodita S.A.C.,Socioambiental,Minería,Activo,Desescalamiento,,,,Sí,,Colaboración, observación activa y supervisión,Gobierno nacional
Perú,Amazonas,,Luya,Luya,,Región Amazonas, provincia de Utcubamba, distrito de Cumba,Corral Quemado - La Calzada (Eje Vial 1),,Asuntos de gobierno nacional,,Activo,Diálogo,En progreso,Mesa de diálogo: negociación directa,Colaborador,Sí,Sí,Colaboración, observación activa y supervisión,Gobierno nacional
Perú,Huancavelica,,Churcampa,Churcampa,,,Carretera Imperial – Pampas Churcampa – puente Allcomachay ,,Asuntos de gobierno nacional,,Activo,Diálogo,Inicio,Mesa de diálogo: negociación mediada o asistida,Colaborador,Sí,Sí,Colaboración, observación activa y supervisión,Gobierno nacional
Perú,Huánuco,,Lauricocha,San Miguel de Cauri,C.P. Independencia,,Independencia - Raura,Compañía Minera Raura S.A.,Socioambiental,Minería,Activo,Diálogo,En progreso,Mesa de diálogo: negociación mediada o asistida,Colaborador,No,,Colaboración, observación activa y supervisión,Gobierno nacional
Perú,Huánuco,,Huamalies,Llata,,,Llata - Antamina,,Socioambiental,Minería,Activo,Diálogo,En progreso,Mesa de diálogo: negociación mediada o asistida,Colaborador,Sí,Sí,Colaboración, observación activa y supervisión,Gobierno nacional
Perú,Huánuco,,Leoncio Prado,Luyando,C.P. Santa Rosa de Shapajilla,,Sector de Shapajilla - Celdas transitorias,,Socioambiental,Residuos y saneamiento,Activo,Desescalamiento,,,,No,No,Colaboración, observación activa y supervisión,Gobierno local
Perú,Huánuco,,Lauricocha,San Miguel de Cauri,Anexo Antacallanca de la C.C. San Miguel de Cauri,,Anexo Antacallanca - Minera Raura,Compañía Minera Raura S.A.,Socioambiental,Minería,Activo,Diálogo,En progreso,Mesa de diálogo: negociación mediada o asistida,Colaborador,Sí,Sí,Colaboración, observación activa y supervisión,Gobierno nacional
Perú,Huánuco,,Huánuco,Chinchao,C.P. Chinchao / C.P. Pablo de Pillao,Región Huánuco, provincia de Huánuco, distrito de San Pablo de Pillao,Chinchao  - Pillao,,Comunal,,Activo,Desescalamiento,,,,Sí,Sí,Colaboración, observación activa y supervisión,Gobierno regional
Perú,Huánuco,,Huánuco,Amarilis,,,Mercado de Paucarbamba,,Asuntos de gobierno regional,,Resuelto,,,,,,,,Gobierno regional
Perú,Huánuco,,Puerto Inca,Tournavista,C.P. Macuya,,Frente de Defensa de los Intereses de Macuya,CEPSA PERUANA S.A.C.,Asuntos de gobierno local,,Activo,Diálogo,En progreso,Mesa de diálogo: negociación mediada o asistida,Colaborador,No,No,Solo monitoreo,Gobierno local
Perú,Junín,,Jauja,Canchayllo,,,Reserva Paisajística Nor Yauyos Cochas ,,Socioambiental,Otros,Activo,Diálogo,En progreso,Mesa de diálogo: negociación mediada o asistida,Colaborador,No,No,Colaboración, observación activa y supervisión,Gobierno nacional
Perú,Junín,,Yauli,Morococha,,,Morococha - Chinalco,Minera Chinalco Perú S.A.,Socioambiental,Minería,Activo,Diálogo,En progreso,Mesa de diálogo: negociación mediada o asistida,Colaborador,No,,Colaboración, observación activa y supervisión,Gobierno nacional
Perú,Junín,,Huancayo,Chongos Alto,C.C. Palaco / C.C. Chongos Alto / C.C. Llamapsillon / C.C. Santa Rosa de Huacramasana / C.C. Yana Yana / C.C. Potaca,Región Junín, provincia de Huancayo, distrito de Chicche,Comunidades campesinas del Canipaco,,Asuntos de gobierno regional,,Activo,Diálogo,En progreso,Mesa de diálogo: negociación directa,Colaborador,Sí,Sí,Colaboración, observación activa y supervisión,Gobierno regional
Perú,Lima Provincias,,Lima,Oyón,C.C. Quichas,,CC de Quichas - Cía minera Raura,Compañía Minera Raura S.A. ,Socioambiental,Minería,Activo,Diálogo,En progreso,Mesa de diálogo: negociación mediada o asistida,Colaborador,Sí,Sí,Colaboración, observación activa y supervisión,Gobierno nacional
Perú,Loreto,,Loreto,Parinari,,,AIDECOS y FECIFOMAS - Demandas sociales y ambientales,Upland Gas & Oil,Socioambiental,Hidrocarburos,Activo,Diálogo,Inicio,Mesa de diálogo: negociación mediada o asistida,Colaborador,No,,Colaboración, observación activa y supervisión,Gobierno regional
Perú,Loreto,,Loreto,Trompeteros,C.N. Nuevo Oriente,Localidades de Santa Clara y Monte Carmelo,FEPIBACOR - Demandas sociales y ambientales,Upland Gas & Oil,Socioambiental,Hidrocarburos,Activo,Diálogo,Inicio,Mesa de diálogo: negociación mediada o asistida,Colaborador,Sí,Sí,Colaboración, observación activa y supervisión,Gobierno regional
Perú,Loreto,,Datem del Marañón,Manseriche,C.N. Sinchi Roca,,Sinchi Roca - Derrame de petroleo ONP II,Petróleos del Perú - Petroperú S.A.,Socioambiental,Hidrocarburos,Activo,Diálogo,En progreso,Mesa de diálogo: negociación mediada o asistida,Colaborador,Sí,Sí,Intervención humanitaria / Acciones legales,Gobierno nacional
Perú,Loreto,,Loreto,Tigre,C.N. Huacachina,,FECONABAT - Lote 8,Upland Gas & Oil,Socioambiental,Hidrocarburos,Activo,Diálogo,Inicio,Mesa de diálogo: negociación mediada o asistida,,Sí,Sí,Colaboración, observación activa y supervisión,Gobierno nacional
Perú,Loreto,,Loreto,Trompeteros,C.N. Las Palmeras,,Bloque Lote 8 - Consulta Previa,Perupetro S.A.,Socioambiental,Hidrocarburos,Activo,Diálogo,Inicio,Mesa de diálogo: negociación mediada o asistida,,Sí,Sí,Colaboración, observación activa y supervisión,Gobierno nacional
Perú,Loreto,,Requena,Puinahua ,C.P. Bretaña / C.P. San Juan de Paucar / C.P. Atun Poza / C.P. Nuevo Kuwait / C.P. 28 de Julio / C.N. 7 de Junio / C.N. San Pedro / C.N. San Pedro II Zona / C.N. Manco Cápac / C.N. Jorge Chávez / C.N. Urarinas,,Derrame canal Puinahua,Agencia Fluvial Soluciones Fluviales EIRL,Socioambiental,Hidrocarburos,Activo,Diálogo,En progreso,Mesa de diálogo: negociación mediada o asistida,Colaborador,Sí,Sí,Colaboración, observación activa y supervisión,Gobierno nacional
Perú,Loreto,,Loreto,Urarinas,C.N. Nuevo Progreso / C.N. Nueva Unión / C.C. Ollanta,,Comunidades nativas de la Cuenca del río Chambira,Pluspetrol Norte S.A.,Socioambiental,Hidrocarburos,Activo,Diálogo,Suspendido,Mesa de diálogo: negociación directa,Colaborador,Sí,Sí,Colaboración, observación activa y supervisión,Gobierno nacional
Perú,Loreto,,Loreto,Urarinas,C.N. Cuninico / C.N. Urarinas / C.N. Chanchamayo / C.N. Monte Rico / C.N. Santa Teresa / C.N. Nueva Santa Rosa / C.N. Nueva Santa Rosa / C.N. San Francisco / C.N. San Antonio / C.N. Seis de Mayo - Marañón / C.N. Nueva Esperanza / C.N. San José / C.N. San José de Saramuro - Río Marañón / C.N. San Roque 7 de Junio / C.N. Saramurillo - Río Marañón / C.N. Buena Vista Jerusalen / C.N. San Pedro,Región Loreto, provincia de Loreto, distrito de Parinari,CN Cuninico - Petroperú,Petróleos del Perú - Petroperú S.A.,Socioambiental,Hidrocarburos,Activo,Desescalamiento,,,,Sí,Sí,Colaboración, observación activa y supervisión,Gobierno nacional
Perú,Loreto,,Loreto,Urarinas,C.N. Saramurillo,,Saramurillo - Estación 1,Petróleos del Perú - Petroperú S.A.,Socioambiental,Hidrocarburos,Activo,Diálogo,Inicio,Reuniones preparatorias para el diálogo,Colaborador,Sí,Sí,Colaboración, observación activa y supervisión,Gobierno regional
Perú,Loreto,,Datem del Marañón,Morona,C.N. Fernando Rosas,,Fernando Rosas - Petroperú,Petróleos del Perú - Petroperú S.A.,Socioambiental,Hidrocarburos,Activo,Diálogo,En progreso,Mesa de diálogo: negociación mediada o asistida,Colaborador,Sí,Sí,Colaboración, observación activa y supervisión,Gobierno nacional
Perú,Loreto,,Loreto,Urarinas,C.N. Nuena Alianza / C.N. Cafetal / C.N. Juan Velasco Alvarado / C.N. Nuevo Progreso I / C.N. Nuevo Progreso II / C.N. Reforma / C.N. San Enrique / C.N. San Antonio de Bancal / C.N. Guineal / C.N. 8 de Octubre / C.N. San Luis / C.N. Ayahuasca / C.N. San Juan de Abejaico, ,Comunidades Urituyacu,Petróleos del Perú - Petroperú S.A.,Socioambiental,Hidrocarburos,Activo,Diálogo,Suspendido,Mesa de diálogo: negociación mediada o asistida,Colaborador,Sí,Sí,Colaboración, observación activa y supervisión,Gobierno nacional
Perú,Loreto,,Datem del Marañón,Manseriche,C.N. Santa Rosa,,Santa Rosa - Derrame de petroleo ONP,Petróleos del Perú - Petroperú S.A.,Socioambiental,Hidrocarburos,Activo,Diálogo,Inicio,Mesa de diálogo: negociación mediada o asistida,,Sí,Sí,Solo monitoreo,Gobierno nacional
Perú,Loreto,,Loreto,,,,Cinco cuencas - Lote 8 y 192,Petróleos del Perú - Petroperú S.A. / Pluspetrol Note .S.A.,Socioambiental,Hidrocarburos,Activo,Desescalamiento,,,,Sí,Sí,Colaboración, observación activa y supervisión,Gobierno nacional
Perú,Loreto,,Datem del Marañón,,,Región Loreto, provincia de Loreto,Cuatro cuencas - Lote 192,,Socioambiental,Hidrocarburos,Activo,Diálogo,En progreso,Mesa de diálogo: negociación directa,Colaborador,Sí,Sí,Colaboración, observación activa y supervisión,Gobierno nacional
Perú,Loreto,,Datem del Marañón,,,,CORMI - UGEL,,Asuntos de gobierno regional,,Activo,Diálogo,En progreso,Mesa de diálogo: negociación directa,Colaborador,No,Sí,Colaboración, observación activa y supervisión,Gobierno regional
Perú,Loreto,,Datem del Marañón,Manseriche,,,Carretera Yanayacu-Borja,,Asuntos de gobierno nacional,,Resuelto,,,,,,,,Gobierno nacional
Perú,Loreto,,Loreto,Nauta,,,Usuarios de electricidad en Nauta,Electro Oriente S.A.,Asuntos de gobierno nacional,,Activo,Diálogo,En progreso,Mesa de diálogo: negociación mediada o asistida,Colaborador,Sí,Sí,Colaboración, observación activa y supervisión,Gobierno nacional
Perú,Loreto,,Loreto,Urarinas,,,ACONAKKU - Urarinas,,Asuntos de gobierno nacional,,Activo,Diálogo,Inicio,Mesa de diálogo: negociación directa,Colaborador,Sí,Sí,Solo monitoreo,Gobierno local
Perú,Loreto,,Datem del Marañón,,,,Estación 5 - Datem del Marañón,,Asuntos de gobierno nacional,,Activo,Desescalamiento,,,,Sí,Sí,Solo monitoreo,Gobierno nacional
Perú,Madre de Dios,,Tambopata,Las Piedras,Sector Bajo Madre de Dios,,Rechazo a Monorelleno de PTAR  - Bajo Madre de Dios,,Socioambiental,Residuos y saneamiento,Activo,Diálogo,En progreso,Mesa de diálogo: negociación mediada o asistida,Mediador / Facilitador,No,No,Mediaciones / Facilitaciones,Gobierno nacional
Perú,Callao,Multirregión,Prov.Const.del Callao,Ventanilla,Playa Bahía Blanca,Lima Metropolitana, distritos de Ancón y Santa Rosa
Región Lima, provincia de Huaral, distrito de Chancay,Contaminación – Refinería La Pampilla (Repsol),Repsol Perú,Socioambiental,Hidrocarburos,Activo,Fase temprana,,,,Sí,Sí,Colaboración, observación activa y supervisión,Gobierno nacional
Perú,Huánuco,Multirregión,Puerto Inca,Honoria,C.P. San Juan de Semuya / C.P. San Juan de Pumayacu,Región Ucayali, provincia de Coronel Portillo, distrito de Campo Verde,Honoria y Campoverde - Bosques Silvestres S.A.C.,Bosques Silvestres S.A.C.,Asuntos de gobierno regional,,Activo,Diálogo,En progreso,Mesa de diálogo: negociación mediada o asistida,Colaborador,Sí,No,Colaboración, observación activa y supervisión,Gobierno regional
Perú,Junín,Multirregión,,,,Regiones Áncash, Arequipa, Cusco, Huánuco, Ica, Lambayeque, Lima Provincias, Loreto, Madre de Dios, Piura, Puno y Ucayali,Ley Forestal,,Asuntos de gobierno nacional,,Latente,,,,,No,,Solo monitoreo,Gobierno nacional
Perú,Pasco,,Pasco,Tinyahuarco,C.C. Huaraucaca,,CC de Huaraucaca - Sociedad Minera El Brocal S.A.,Sociedad Minera El Brocal S.A. ,Socioambiental,Minería,Activo,Diálogo,En progreso,Mesa de diálogo: negociación mediada o asistida,Colaborador,Sí,Sí,Colaboración, observación activa y supervisión,Gobierno nacional
Perú,Pasco,,Pasco,Simón Bolívar,A.H. José Carlos Mariátegui / A.H. Agrupación Familiar Champamarca / C.P. Paragsha / C.P. San Antonio de Rancas / C.C. Quiulacocha / C.C. Yurajhuanca / C.C. San Antonio de Rancas / C.C. Sacra Familia,,Contaminación en Simón Bolívar,,Socioambiental,Minería,Activo,Diálogo,En progreso,Mesa de diálogo: negociación mediada o asistida,Colaborador,Sí,Sí,Colaboración, observación activa y supervisión,Gobierno nacional
Perú,San Martín,,San Martín,Huimbayoc,C.N. Santa Rosillo de Yanayacu,,Santa Rosillo de Yanayacu,,Comunal,,Activo,Diálogo,En progreso,Reuniones preparatorias para el diálogo,Colaborador,Sí,No,Solo monitoreo,Gobierno regional
Perú,San Martín,,Moyobamba,Moyobamba,C.N. Shimpiyacu,,Shimpiyacu,,Comunal,,Activo,Desescalamiento,,,,Sí,,Colaboración, observación activa y supervisión,Gobierno regional
Perú,San Martín,,San Martín,Tarapoto,,,FRECIDES - demandas nacionales,,Asuntos de gobierno nacional,,Activo,Fase temprana,,,,Sí,Sí,Colaboración, observación activa y supervisión,Gobierno nacional
Perú,Ucayali,,Atalaya,,,,Organizaciones y comunidades nativas de Atalaya,,Socioambiental,Otros,Activo,Desescalamiento,,,,No,,Colaboración, observación activa y supervisión,Gobierno nacional
Perú,Huánuco,,,,,,Agricultores de Huánuco,,Asuntos de gobierno regional,,Retirado,,,,,Sí,Sí,Colaboración, observación activa y supervisión,Gobierno regional
Perú,Junín,,Huancayo,Chongos Alto,C.C. Palaco / C.C. Chongos Alto / C.C. Huasicancha,Región Junín, provincia de Huancayo, distrito de Huasicancha,CC de Yauyos y Junín - Minera IRL Limited,Minera IRL Limited,Socioambiental,Minería,Latente,,,,,Sí,Sí,Colaboración, observación activa y supervisión,Gobierno nacional
Perú,Junín,,,,,Región Junín, provincias de Concepción y Chupaca,Río Cunas - Proyecto Yanacocha,,Asuntos de gobierno regional,,Retirado,,,,,,,,Gobierno regional
Perú,Lima Provincias,,Oyón,Oyón,C.C. Oyón,,Oyón – Minera Buenaventura,Compañía de Minas Buenaventura S.A.A.,Socioambiental,Minería,Latente,,,,,Sí,Sí,Colaboración, observación activa y supervisión,Gobierno nacional
Perú,Loreto,,Maynas,Napo,C.N. San Rafael / C.N. Nuevo Libertad / C.N. Mucha Vista / C.N. Santa María / C.N. Nuevo Yarina / C.N. Tipishca / C.N. Soledad / C.N. Bellavista - Río Napo / C.N. Bolívar / C.N. Chambira - Río Napo,,Comunidades de la cuenca del río Curaray,Perenco Peru Petroleum Limited Sucursal del Perú,Socioambiental,Hidrocarburos,Retirado,,,,,Sí,No,Colaboración, observación activa y supervisión,Gobierno regional
Perú,Loreto,,Loreto,Trompeteros,C.N. Nueva Libertad / C.N. San Juan de Trompeteros / C.C. San Juan de Trompeteros,,San Juan Nativo, San Juan Campesino y Nueva Libertad – Pluspetrol Norte,Pluspetrol Norte S.A.,Socioambiental,Hidrocarburos,Retirado,,,,,Sí,,Solo monitoreo,Gobierno nacional
Perú,Loreto,,Loreto,Trompeteros,C.N. Santa Elena - Río Corrientes,,Santa Elena - Pluspetrol Norte,Pluspetrol Norte S.A.,Socioambiental,Hidrocarburos,Retirado,,,,,Sí,Sí,Solo monitoreo,Gobierno nacional
Perú,Loreto,,Loreto,Trompeteros,C.N. San José de Nueva Esperanza,,San José de Nueva Esperanza - Pluspetrol Norte,Pluspetrol Norte S.A.,Socioambiental,Hidrocarburos,Latente,,,,,Sí,Sí,Solo monitoreo,Gobierno nacional
Perú,Loreto,,Loreto,Urarinas,C.N. San José de Saramuro,,San José de Saramuro - Pluspetrol,Pluspetrol Norte S.A.,Socioambiental,Hidrocarburos,Latente,,,,,No,,Mediaciones / Facilitaciones,Gobierno nacional
Perú,Loreto,,Loreto,Urarinas,,,Feconamach - Lote 8,Petróleos del Perú - Petroperú S.A. / Pluspetrol Note .S.A.,Socioambiental,Hidrocarburos,Latente,,,,,Sí,Sí,Solo monitoreo,Gobierno nacional
Perú,Loreto,,Datem del Marañón,Manseriche,C.N. Chapis,,Chapis - Derrame petroleo,Petróleos del Perú - Petroperú S.A.,Socioambiental,Hidrocarburos,Latente,,,,,Sí,Sí,Solo monitoreo,Gobierno nacional
Perú,Loreto,,Datem del Marañón,Morona,C.N. Mayuriaga,,Morona - Derrame de petróleo en Mayuriaga,Petróleos del Perú - Petroperú S.A.,Socioambiental,Hidrocarburos,Latente,,,,,Sí,Sí,Colaboración, observación activa y supervisión,Gobierno nacional
Perú,Loreto,,Datem del Marañón,,,,FREDEDAM - Datem del Marañón,Petróleos del Perú - Petroperú S.A.,Socioambiental,Hidrocarburos,Latente,,,,,No,,Colaboración, observación activa y supervisión,Gobierno nacional
Perú,Madre de Dios,,Tambopata,Inambari,Zona La Pampa,,Minería ilegal – La Pampa,,Socioambiental,Minería,Latente,,,,,Sí,Sí,Colaboración, observación activa y supervisión,Gobierno nacional
Perú,Cusco,Multirregión,La Convención,Echarate,C.P. Santa Rosa de Serjali,Región Ucayali, provincia de Atalaya, distrito de Sepahua,RTKNN - Consorcio Camisea (Lote 88),Consorcio Camisea - Pluspetrol Norte S.A., Repsol, Hunt Oil, Techint,Socioambiental,Hidrocarburos,Retirado,,,,,,,,Gobierno nacional
Perú,Junín,Multirregión,Huancayo,Huancayo,,Regiones Huánuco e Ica,Agricultores y ganaderos lecheros,,Asuntos de gobierno nacional,,Resuelto,,,,,,,,Gobierno nacional
Perú,San Martín,,Rioja,Pardo Miguel,,,BP Alto Mayo,,Socioambiental,Forestales,Latente,,,,,Sí,,Colaboración, observación activa y supervisión,Gobierno nacional
Perú,San Martín,,Moyobamba,Moyobamba,C.N. Huascayacu,,Comunidad Nativa Huascayacu,,Comunal,,Latente,,,,,Sí,Sí,Colaboración, observación activa y supervisión,Gobierno regional
Perú,San Martín,,San Martín,Huimbayoc,C.N. Kichwa Anak Kurutuyacu,,Kichwa Anak Kurutuyacu - Caseríos Huimbayoc,,Comunal,,Latente,,,,,No,,Mediaciones / Facilitaciones,Gobierno regional
Perú,San Martín,,Tocache,Tocache,,,Agua y alcantarillado - Tocache,,Asuntos de gobierno local,,Latente,,,,,Sí,Sí,Colaboración, observación activa y supervisión,Gobierno nacional
Perú,Ucayali,,Padre Abad,Alexander Von Humboldt,,,Municipalidad Humboldt,,Asuntos de gobierno local,,Latente,,,,,Sí,Sí,Colaboración, observación activa y supervisión,Gobierno local
Perú,Ayacucho,,Vilcas Huamán,,,,Vilcas Huamán – Rechazo a minería,,Socioambiental,Minería,Latente,,,,,,,,Gobierno nacional
Perú,Ayacucho,,Huanta,Huanta,,,Huanta – pequeña minería,,Socioambiental,Minería,Activo,Diálogo,Inicio,Mesa de diálogo: negociación mediada o asistida,Colaborador,Sí,Sí,Colaboración, observación activa y supervisión,Gobierno nacional
Perú,Ayacucho,,Parinacochas,San Francisco de Ravacayco,C.P. Huancute ,,Anexo Huancute - Cía minera Ares,Compañía Minera Ares S.A.C.,Socioambiental,Minería,Activo,Diálogo,En progreso,Mesa de diálogo: negociación mediada o asistida,Colaborador,Sí,,Colaboración, observación activa y supervisión,Gobierno nacional
Perú,Ayacucho,,La Mar,Anco,C.C. Chiquintirca,,Chiquintirca - TGP,Transportadora de Gas del Perú S.A.,Socioambiental,Hidrocarburos,Activo,Diálogo,En progreso,Mesa de diálogo: negociación mediada o asistida,Colaborador,No,,Solo monitoreo,Gobierno nacional
Perú,Ayacucho,,Huanta,Canayre,,,Unión Mantaro-Pampa Aurora,,comunal,,Activo,Escalamiento,,,,No,,Solo monitoreo,Org. Const. Autónomo
Perú,Ayacucho,,Huamanga,Vinchos,C.C. Paccha / C.C. Vinchos,,CC Vinchos – CC Paccha,,Comunal,,Latente,,,,Colaborador,No,,Colaboración, observación activa y supervisión,Gobierno regional
Perú,Ayacucho,,La Mar,Anco,C.C. Anchihuay / C.C. Chiquintirca y Anexos: Huayllahura y Osccocha,Región Ayacucho, provincia de La Mar, distrito de Anchihuay,CC Anchihuay - CC Chiquintirca,,Comunal,,Activo,Escalamiento,,,,Sí,Sí,Colaboración, observación activa y supervisión,Gobierno regional
Perú,Ayacucho,,Vilcas Huamán,Vilcas Huamán,C.C. Santa Rosa de Huancapuquio / C.C. Pomacocha y anexos,,Santa Rosa de Huancapuquio - Pomacocha,,Comunal,,Activo,Desescalamiento,,,,Sí,No,Colaboración, observación activa y supervisión,Gobierno regional
Perú,Ayacucho,,Cangallo,Chuschi,C.C. Quispillaccta,,Comunidad de Quispillacta,,Asuntos de gobierno regional,,Latente,Diálogo,En progreso,Mesa de diálogo: negociación directa,Colaborador,No,No,Solo monitoreo,Gobierno regional
Perú,Ayacucho,,,,,,Vía Los Libertadores,,Asuntos de gobierno nacional,,Activo,Escalamiento,,,,No,,Colaboración, observación activa y supervisión,Gobierno nacional
Perú,Ayacucho,,Huanta,,,,Pobladores y SEDA- Huanta,SEDA-Huanta,Asuntos de gobierno local,,Activo,Fase temprana,,,,,,Colaboración, observación activa y supervisión,Gobierno local
Perú,Lima Metropolitana,,Lima,Lima Cercado,,,Universidad Villarreal,,Otros asuntos,,Activo,Diálogo,En progreso,Mesa de diálogo: negociación mediada o asistida,Colaborador,Sí,,Mediaciones / Facilitaciones,Org. Const. Autónomo
Perú,Lima Metropolitana,,Lima,San Juan de Lurigancho,,,Hospital José Augurto Tello de Chosica,,Asuntos de gobierno nacional,,Activo,Fase temprana,,,,,,Colaboración, observación activa y supervisión,Gobierno nacional
Perú,Lima Metropolitana,,Lima,San Juan de Lurigancho,,,Mototaxistas- San Juan de Lurigancho-Chosica,,Asuntos de gobierno local,,Activo,Fase temprana,,,,,,Colaboración, observación activa y supervisión,Gobierno local
Perú,Lima Metropolitana,,Lima,Pachacámac,,Lima Metropolitana, distrito de Lurín,Pachacamac-Lurín demarcación territorial,,Demarcación territorial,,Activo,Desescalamiento,,,,No,No,Colaboración, observación activa y supervisión,Gobierno local
Perú,Lima Metropolitana,,Lima,Carabayllo,,,Proyecto de agua potable y alcantarillado “Esquema integral Carabayllo”,,Asuntos de gobierno nacional,,Activo,Fase temprana,,,,No,,Solo monitoreo,Gobierno nacional
Perú,Lima Metropolitana,,Lima,Ate,Santa Clara,,Nueva Carretera Central,,Asuntos de gobierno nacional,,Activo,Diálogo,En progreso,Mesa de diálogo: negociación mediada o asistida,Mediador / Facilitador,No,No,Colaboración, observación activa y supervisión,Gobierno nacional
Perú,Lima Metropolitana,,Lima,Puente Piedra,,,Programa Agua de Emergencia,,Asuntos de gobierno local,,Activo,Diálogo,En progreso,Mesa de diálogo: negociación mediada o asistida,Colaborador,No,No,Colaboración, observación activa y supervisión,Gobierno local
Perú,Lima Metropolitana,,Lima,Surco,,,Vía Expresa Sur,,Asuntos de gobierno local,,Activo,Fase temprana,,,,No,No,Colaboración, observación activa y supervisión,Gobierno local
Perú,Lima Metropolitana,,Lima,Ate,,,Vaso de Leche Ate,,Asuntos de gobierno local,,Activo,Fase temprana,,,,No,,Solo monitoreo,Gobierno local
Perú,Lima Metropolitana,Multirregión,Lima,Lima,San Martín de Porres, Los Olivos, Independencia, Comas, San Juan de Lurigancho, Lurigancho, El Agustino, Santa Anita, Ate Vitarte, La Molina, San Luis, y el Callao,,Anillo Vial Periférico,,Asuntos de gobierno nacional,Otros,Activo,Escalamiento,,,,No,,Colaboración, observación activa y supervisión,Gobierno nacional
Perú,Lima Metropolitana,Multirregión,Lima,Puente Piedra,,Lima Metropolitana, distritos de Ancón, Santa Rosa, Carabayllo, Comas, San Martín de Porres, Independencia, Los Olivos, San Juan de Lurigancho y San Juan de Miraflores
Región Callao,Transportistas seguridad,,Asuntos de gobierno nacional,,Activo,Escalamiento,,,,No,,Colaboración, observación activa y supervisión,Gobierno nacional
Perú,Puno,,Lampa,Palca,,,Palca-Ciemsa,,Socioambiental,Minería,Activo,Fase temprana,,,,No,No,Colaboración, observación activa y supervisión,Gobierno nacional
Perú,Puno,,Melgar,Llalli,,Región Puno, provincia de Melgar, distritos de Cupi, Umachiri y Ayaviri,Cuenca Llallimayo ,,Socioambiental,Minería,Activo,Diálogo,Inicio,Reuniones preparatorias para el diálogo,Colaborador,No,No,Colaboración, observación activa y supervisión,Gobierno nacional
Perú,Puno,,Huancané,Cojata,,,Cuenca Suches - Minería informal e ilegal (II),,Socioambiental,Minería,Activo,Diálogo,En progreso,Mesa de diálogo: negociación mediada o asistida,Colaborador,No,No,Colaboración, observación activa y supervisión,Gobierno regional
Perú,Puno,,El Collao,Ilave,C.C. Cangalli Achatuyo / C.P. Chila Apacheta,,Parcialidad Apacheta - Residuos sólidos,,Socioambiental,Residuos y saneamiento,Activo,Desescalamiento,,,,Sí,No,Colaboración, observación activa y supervisión,Gobierno nacional
Perú,Puno,,San Román,Cabanillas,,Región Puno, provincia de San Román, distrito de Juliaca,Cabanillas/Juliaca - Celdas Transitorias,,Socioambiental,Residuos y saneamiento,Activo,Diálogo,En progreso,Mesa de diálogo: negociación mediada o asistida,Colaborador,No,,Colaboración, observación activa y supervisión,Gobierno local
Perú,Puno,,Puno,Coata,,,Cuenca Coata,,Socioambiental,Minería,Activo,Diálogo,En progreso,Mesa de diálogo: negociación mediada o asistida,Colaborador,Sí,Sí,Colaboración, observación activa y supervisión,Gobierno nacional
Perú,Puno,,Lampa,Ocuviri,C.C. Hatun Ayllu / C.C. Tupac Amaru II de Caycho,,Ocuviri - Aruntani (Arasi),Empresa Arasi S.A.C. - Grupo Aruntani,Socioambiental,Minería,Activo,Diálogo,En progreso,Mesa de diálogo: negociación mediada o asistida,,Sí,Sí,Colaboración, observación activa y supervisión,Gobierno nacional
Perú,Puno,,Melgar,Llalli,,,Cuenca Llallimayo - Aruntani,Aruntani S.A.C.,Socioambiental,Minería,Activo,Diálogo,En progreso,Mesa de diálogo: negociación mediada o asistida,Colaborador,Sí,Sí,Colaboración, observación activa y supervisión,Gobierno nacional
Perú,Puno,,San Antonio de Putina,Ananea,,Región Puno, provincia de Carabaya, distritos de Macusani y Crucero
Región Puno, provincia de Azángaro, distrito de Azángaro,Ramis - Minería informal,,Socioambiental,Minería,Activo,Diálogo,Inicio,Mesa de diálogo: negociación mediada o asistida,,No,,Colaboración, observación activa y supervisión,Gobierno nacional
Perú,Puno,,Puno,Puno,,,Universidad Nacional del Altiplano,,Otros asuntos,,Activo,Desescalamiento,,,,Sí,,Mediaciones / Facilitaciones,Org. Const. Autónomo
Perú,Puno,,Sandia,Alto Inambari,Sectores de Pajchani, Ccallani, Sisira, Huanusamana y Hancco Pampa,Región Puno, provincia de Sandia, distrito de Patambuco,Pajchani - Alto Inambari y Patambuco,,Demarcación territorial,,Activo,Escalamiento,,,,Sí,,Colaboración, observación activa y supervisión,Gobierno regional
Perú,Puno,,Carabaya,Coasa,Sector Chiwi,Región Puno, provincia de Sandia, distrito de Limbani,Coasa – Limbani,,Demarcación territorial,,Activo,Diálogo,En progreso,Reuniones preparatorias para el diálogo,Colaborador,Sí,Sí,Colaboración, observación activa y supervisión,Gobierno regional
Perú,Puno,,Sandia,Limbani,,Región Puno, provincia de Sandia, distrito de Phara,Demarcación territorial entre Limbani y Phara,,Demarcación territorial,,Activo,Escalamiento,,,,Sí,Sí,Colaboración, observación activa y supervisión,Gobierno regional
Perú,Puno,,Puno,Puno,C.C. Uros Chulluni,,Asociación de Pueblos Originarios Conservacionistas (APOC) - Urus Chulluni,,Comunal,,Activo,Fase temprana,,,,No,,Colaboración, observación activa y supervisión,Gobierno regional
Perú,Puno,,San Román,Juliaca,,,Hospital materno infantil de Juliaca,,Asuntos de gobierno regional,,Activo,Fase temprana,,,,Sí,No,Solo Monitoreo,Gobierno regional
Perú,Puno,,Puno,Chucuito,C.C. Chinchera / C.P. Inculaya,,Chucuito contaminación,,Asuntos de gobierno local,,Activo,Diálogo,En progreso,Mesa de diálogo: negociación mediada o asistida,Mediador / Facilitador,No,No,Mediaciones / Facilitaciones,Gobierno local
Perú,Ayacucho,,Paucar del Sara Sara,San Javier de Alpabamba,C.C. Huallhua,,CC  Huallhua - Cía minera Ares ,Compañía Minera Ares S.A.C.,Socioambiental,Minería,Latente,,,,,Sí,,Colaboración, observación activa y supervisión,Gobierno nacional
Perú,Lima Metropolitana,,Lima,,,,Trabajadores de limpieza pública - MML,,Laboral,,Latente,,,,,No,No,Solo monitoreo,Gobierno local
Perú,Lima Metropolitana,,Lima,Independencia,,Lima Metropolitana, distrito de San Martín de Porres,Demarcación Independencia -San Martín de Porres,,Demarcación territorial,,Latente,,,,,Sí,Sí,Solo monitoreo,Gobierno local
Perú,Puno,Multirregión,Puno,Acora,,Región Puno, provincia de El Collao, distrito de Santa Rosa
Región Moquegua, provincia de Mariscal Nieto, distrito de Carumas,Pasto Grande - Puno/Moquegua,,Demarcación territorial,,Latente,,,,,Sí,Sí,Colaboración, observación activa y supervisión,Gobierno nacional
Perú,Puno,,Puno,Puno,,,Colegio Huáscar,,Otros asuntos,,Latente,,,,,No,,Mediaciones / Facilitaciones,Gobierno regional
Perú,Puno,,Carabaya,San Gabán,,,Agricutores de hoja de coca de Puno,,Cultivo ilegal de hoja de coca,,Latente,,,,,Sí,Sí,Colaboración, observación activa y supervisión,Gobierno nacional
Perú,Puno,,San Román,Juliaca,,,Drenaje pluvial Juliaca,,Asuntos de gobierno local,,Latente,,,,,Sí,Sí,Mediaciones / Facilitaciones,Org. Const. Autónomo
Perú,Loreto,,Loreto,Tigre,C.N. Libertad,Comunidades de la parte baja del río Tigre,Rechazo minería ilegal - Tigre,,Socioambiental,Minería,Activo,Diálogo,Inicio,Reuniones preparatorias para el diálogo,,Sí,Sí,Colaboración, observación activa y supervisión,Gobierno regional
Perú,Junín ,,Jauja,Acolla,,Distrito de Marco ,Laguna Tragadero,,Asuntos de gobierno regional,,Activo,Crisis,,,,Sí,Sí,Colaboración, observación activa y supervisión,Gobierno regional
Perú,Lima Provincias,,Oyón,Pachangara,,,Pachangara - Servicio eléctrico,Empresa Pluz Energía S.A.,Asuntos de gobierno regional,,Activo,Diálogo,En progreso,Mesa de diálogo: negociación mediada o asistida,Colaborador,No,No,Colaboración, observación activa y supervisión,Gobierno regional
Perú,Huancavelica,,Acobamba,,,,Mejoramiento de la vía Izucacha - Huanta ,,Asuntos de gobierno nacional,,Activo,Diálogo,En progreso,Mesa de diálogo: negociación mediada o asistida,Colaborador,Sí,Sí,Colaboración, observación activa y supervisión,Gobierno nacional
Perú,Lima Metropolitana,,Lima,San Juan de Lurigancho,,,Antenas-San Juan de Lurigancho,,Asuntos de gobierno local,,Activo,Escalamiento,,,,No,,Colaboración, observación activa y supervisión,Gobierno local
Perú,Áncash,,Huari,San Marcos,CC Huaripampa,,CC Huaripampa - Antamina,Compañía Minera Antamina S.A.,Socioambiental,Minería,Activo,Diálogo,En progreso,Mesa de diálogo: negociación directa,,Sí,Sí,Colaboración, observación activa y supervisión,Gobierno nacional
